{
    "acrelandia": [],
    "assis-brasil": [],
    "brasileia": [],
    "bujari": [],
    "capixaba": [],
    "cruzeiro-do-sul": [],
    "epitaciolandia": [],
    "feijo": [],
    "jordao": [],
    "mancio-lima": [],
    "manoel-urbano": [],
    "marechal-thaumaturgo": [],
    "placido-de-castro": [],
    "porto-walter": [],
    "rio-branco": [],
    "rodrigues-alves": [],
    "santa-rosa-do-purus": [],
    "senador-guiomard": [],
    "sena-madureira": [],
    "tarauaca": [],
    "xapuri": [],
    "porto-acre": []
}