{
    "alvaraes": [],
    "amatura": [],
    "anama": [],
    "anori": [],
    "apui": [],
    "atalaia-do-norte": [],
    "autazes": [],
    "barcelos": [],
    "barreirinha": [],
    "benjamin-constant": [],
    "beruri": [],
    "boa-vista-do-ramos": [],
    "boca-do-acre": [],
    "borba": [],
    "caapiranga": [],
    "canutama": [],
    "carauari": [],
    "careiro": [],
    "careiro-da-varzea": [],
    "coari": [],
    "codajas": [],
    "eirunepe": [],
    "envira": [],
    "fonte-boa": [],
    "guajara": [],
    "humaita": [],
    "ipixuna": [],
    "iranduba": [],
    "itacoatiara": [],
    "itamarati": [],
    "itapiranga": [],
    "japura": [],
    "jurua": [],
    "jutai": [],
    "labrea": [],
    "manacapuru": [],
    "manaquiri": [],
    "manaus": [],
    "manicore": [],
    "maraa": [],
    "maues": [],
    "nhamunda": [],
    "nova-olinda-do-norte": [],
    "novo-airao": [],
    "novo-aripuana": [],
    "parintins": [],
    "pauini": [],
    "presidente-figueiredo": [],
    "rio-preto-da-eva": [],
    "santa-isabel-do-rio-negro": [],
    "santo-antonio-do-ica": [],
    "sao-gabriel-da-cachoeira": [],
    "sao-paulo-de-olivenca": [],
    "sao-sebastiao-do-uatuma": [],
    "silves": [],
    "tabatinga": [],
    "tapaua": [],
    "tefe": [],
    "tonantins": [],
    "uarini": [],
    "urucara": [],
    "urucurituba": []
}