{
    "abaetetuba": [],
    "abel-figueiredo": [],
    "acara": [],
    "afua": [],
    "agua-azul-do-norte": [],
    "alenquer": [],
    "almeirim": [],
    "altamira": [],
    "anajas": [],
    "ananindeua": [],
    "anapu": [],
    "augusto-correa": [],
    "aurora-do-para": [],
    "aveiro": [],
    "bagre": [],
    "baiao": [],
    "bannach": [],
    "barcarena": [],
    "belem": [],
    "belterra": [],
    "benevides": [],
    "bom-jesus-do-tocantins": [],
    "bonito": [],
    "braganca": [],
    "brasil-novo": [],
    "brejo-grande-do-araguaia": [],
    "breu-branco": [],
    "breves": [],
    "bujaru": [],
    "cachoeira-do-piria": [],
    "cachoeira-do-arari": [],
    "cameta": [],
    "canaa-dos-carajas": [],
    "capanema": [],
    "capitao-poco": [],
    "castanhal": [],
    "chaves": [],
    "colares": [],
    "conceicao-do-araguaia": [],
    "concordia-do-para": [],
    "cumaru-do-norte": [],
    "curionopolis": [],
    "curralinho": [],
    "curua": [],
    "curuca": [],
    "dom-eliseu": [],
    "eldorado-do-carajas": [],
    "faro": [],
    "floresta-do-araguaia": [],
    "garrafao-do-norte": [],
    "goianesia-do-para": [],
    "gurupa": [],
    "igarape-acu": [],
    "igarape-miri": [],
    "inhangapi": [],
    "ipixuna-do-para": [],
    "irituia": [],
    "itaituba": [],
    "itupiranga": [],
    "jacareacanga": [],
    "jacunda": [],
    "juruti": [],
    "limoeiro-do-ajuru": [],
    "mae-do-rio": [],
    "magalhaes-barata": [],
    "maraba": [],
    "maracana": [],
    "marapanim": [],
    "marituba": [],
    "medicilandia": [],
    "melgaco": [],
    "mocajuba": [],
    "moju": [],
    "mojui-dos-campos": [],
    "monte-alegre": [],
    "muana": [],
    "nova-esperanca-do-piria": [],
    "nova-ipixuna": [],
    "nova-timboteua": [],
    "novo-progresso": [],
    "novo-repartimento": [],
    "obidos": [],
    "oeiras-do-para": [],
    "oriximina": [],
    "ourem": [],
    "ourilandia-do-norte": [],
    "pacaja": [],
    "palestina-do-para": [],
    "paragominas": [],
    "parauapebas": [],
    "pau-d'arco": [],
    "peixe-boi": [],
    "picarra": [],
    "placas": [],
    "ponta-de-pedras": [],
    "portel": [],
    "porto-de-moz": [],
    "prainha": [],
    "primavera": [],
    "quatipuru": [],
    "redencao": [],
    "rio-maria": [],
    "rondon-do-para": [],
    "ruropolis": [],
    "salinopolis": [],
    "salvaterra": [],
    "santa-barbara-do-para": [],
    "santa-cruz-do-arari": [],
    "santa-izabel-do-para": [],
    "santa-luzia-do-para": [],
    "santa-maria-das-barreiras": [],
    "santa-maria-do-para": [],
    "santana-do-araguaia": [],
    "santarem": [],
    "santarem-novo": [],
    "santo-antonio-do-taua": [],
    "sao-caetano-de-odivelas": [],
    "sao-domingos-do-araguaia": [],
    "sao-domingos-do-capim": [],
    "sao-felix-do-xingu": [],
    "sao-francisco-do-para": [],
    "sao-geraldo-do-araguaia": [],
    "sao-joao-da-ponta": [],
    "sao-joao-de-pirabas": [],
    "sao-joao-do-araguaia": [],
    "sao-miguel-do-guama": [],
    "sao-sebastiao-da-boa-vista": [],
    "sapucaia": [],
    "senador-jose-porfirio": [],
    "soure": [],
    "tailandia": [],
    "terra-alta": [],
    "terra-santa": [],
    "tome-acu": [],
    "tracuateua": [],
    "trairao": [],
    "tucuma": [],
    "tucurui": [],
    "ulianopolis": [],
    "uruara": [],
    "vigia": [],
    "viseu": [],
    "vitoria-do-xingu": [],
    "xinguara": []
}