{
    "alta-floresta-d'oeste": [],
    "ariquemes": [],
    "cabixi": [],
    "cacoal": [],
    "cerejeiras": [],
    "colorado-do-oeste": [],
    "corumbiara": [],
    "costa-marques": [],
    "espigao-d'oeste": [],
    "guajara-mirim": [],
    "jaru": [],
    "ji-parana": [],
    "machadinho-d'oeste": [],
    "nova-brasilandia-d'oeste": [],
    "ouro-preto-do-oeste": [],
    "pimenta-bueno": [],
    "porto-velho": [],
    "presidente-medici": [],
    "rio-crespo": [],
    "rolim-de-moura": [],
    "santa-luzia-d'oeste": [],
    "vilhena": [],
    "sao-miguel-do-guapore": [],
    "nova-mamore": [],
    "alvorada-d'oeste": [],
    "alto-alegre-dos-parecis": [],
    "alto-paraiso": [],
    "buritis": [],
    "novo-horizonte-do-oeste": [],
    "cacaulandia": [],
    "campo-novo-de-rondonia": [],
    "candeias-do-jamari": [],
    "castanheiras": [],
    "chupinguaia": [],
    "cujubim": [],
    "governador-jorge-teixeira": [],
    "itapua-do-oeste": [],
    "ministro-andreazza": [],
    "mirante-da-serra": [],
    "monte-negro": [],
    "nova-uniao": [],
    "parecis": [],
    "pimenteiras-do-oeste": [],
    "primavera-de-rondonia": [],
    "sao-felipe-d'oeste": [],
    "sao-francisco-do-guapore": [],
    "seringueiras": [],
    "teixeiropolis": [],
    "theobroma": [],
    "urupa": [],
    "vale-do-anari": [],
    "vale-do-paraiso": []
}